team,player
We Are Christian Kirk,Adonai Mitchell
We Are Christian Kirk,BAL D/ST
We Are Christian Kirk,Braelon Allen
We Are Christian Kirk,Cameron Dicker
We Are Christian Kirk,Christian McCaffrey
We Are Christian Kirk,Chuba Hubbard
We Are Christian Kirk,DJ Moore
We Are Christian Kirk,DK Metcalf
We Are Christian Kirk,Devaughn Vele
We Are Christian Kirk,Garrett Wilson
We Are Christian Kirk,Jalen Hurts
We Are Christian Kirk,Jaylen Warren
We Are Christian Kirk,Tetairoa McMillan
We Are Christian Kirk,Travis Etienne
We Are Christian Kirk,Trey McBride
Run Achane On Her,Aaron Jones
Run Achane On Her,Dalton Kincaid
Run Achane On Her,HOU D/ST
Run Achane On Her,Jake Bates
Run Achane On Her,Jared Goff
Run Achane On Her,Jayden Daniels
Run Achane On Her,Jonathan Taylor
Run Achane On Her,Justin Jefferson
Run Achane On Her,Kyren Williams
Run Achane On Her,Mike Evans
Run Achane On Her,Rashee Rice
Run Achane On Her,Terry McLaurin
Run Achane On Her,TreVeyon Henderson
Run Achane On Her,Xavier Hutchinson
